ci,num
TV,3844
动画,3161
日本,2854
日本动画,2720
漫画改,2492
漫改,2360
原创,2348
搞笑,2187
奇幻,2079
战斗,1760
剧场版,1424
OVA,1361
科幻,1168
校园,1157
治愈,1112
无,1104
恋爱,1087
日常,1068
热血,1036
TVA,926
百合,899
小说改,822
童年,773
后宫,731
轻小说改,700
游戏改,679
轻改,658
萌,605
短片,601
WEB,592
泡面番,590
续作,553
电影,541
动画电影,512
映画,492
国产,440
萝卜,435
泡面,420
欧美,414
季番,397
补番,395
机战,385
冒险,366
经典,354
美国,349
青春,341
卖肉,307
中国,301
肉,297
SF,295
国产动画,277
SUNRISE,276
神作,274
JUMP,271
喜剧,271
花泽香菜,268
悬疑,261
霭,259
东映,255
补旧番,253
吐槽,252
基,238
|映アニメ`ション,238
轻百合,237
音乐,229
MADHouse,226
OAD,225
アニメ,220
异世界,219
美国动画,217
漫画改编,217
战争,210
肉番,210
独立ova,209
竞技,208
半年番,208
穿越,208
其他,208
神谷浩史,206
萝莉,206
运动,205
中村悠一,203
石田彰,195
国漫,195
猎奇,191
剧情,189
魔法少女,188
GAL改,185
子供向,183
大长篇,183
樱井孝宏,182
燃,181
东映动画,180
TMS,178
杉田智和,176
studiodeen,174
福山润,172
中国动画,170
偶像,167
SP,163
动作,161
乙女向,161
魔法,155
堀江由衣,155
推理,152
已保存,152
励志,147
钉宫理惠,146
能登麻美子,146
宫野真守,144
アニメ映画,143
腐,141
治愈系,140
短篇,140
少女,139
游戏改编,139
动画短片,136
爱情,135
游改,133
欢乐,133
原创动画,132
robo,128
剧场,127
耽美,127
催泪,126
花上悴,126
TVSP,126
剧集,124
TMSEntertainment,124
TVB,122
总集篇,120
历史,119
轻小说,119
福山,119
悠木碧,117
小野大辅,117
StudioPierrot,117
第二季,116
体育,115
SHIN-EI,112
草尾毅,112
木村良平,111
国创,109
OVA&OAD,108
吉田玲子,107
喜多村英梨,106
机甲,106
其它,106
恶搞,105
シンエイ踊,105
致郁,104
下野,102
迪士尼,101
福利,101
动物,99
早见沙织,99
サンライズ,98
丫孝宏,98
横手美智子,97
XEBEC,97
超能力,96
京阿尼,95
漫画,95
Short_film,95
|裕贵,94
幻想,94
茅野爱衣,92
movie,92
OLM,92
少女向,92
井上麻里奈,90
子安武人,90
ぴえろ,90
SHAFT,89
泽城美雪,89
noitaminA,88
独立剧场版,88
SILVERLINK.,87
阿澄佳奈,87
Netflix,85
游戏,85
年番,84
g城みゆき,83
幼女向,82
中庸,82
乙女,82
番外,81
妖怪,81
TV动画,81
逢坂良太,81
独立动画,80
入野自由,79
STUDIO_DEEN,79
中原麻衣,78
新房昭之,78
|裕F,78
伊藤静,78
高达,77
水树奈奈,77
京都动画,76
京都,76
佐仓绫音,76
川澄绫子,76
黑暗,76
川井宪次,75
骨头社,75
芳文社,75
作画,75
小松未可子,75
京都アニメ`ション,74
没看全,74
石川界人,74
田村ゆかり,74
沙雕,73
女性向,73
萌系,70
细谷佳正,69
未确定,68
Satelight,68
早沙,68
糟糕,68
内田真礼,68
龙傲天,68
职场,67
纯爱,67
佐藤利奈,67
松丞,67
坂本真绫,66
小西克幸,66
黑田洋介,65
新番,65
铃村健一,65
童年系,64
小丑社,64
血腥,64
户松遥,64
井口裕香,63
独立OVA、OAD、特番,63
东山奈央,62
花江夏,62
小说改编,62
追番,62
m野真守,62
长篇,61
内涵,61
可独立观赏,61
浪川大辅,61
松冈祯丞,61
金元寿子,61
动画工房,61
诹访部顺一,60
吸血鬼,60
SILVER_LINK.,60
森川智之,60
伪娘,60
童年系列,60
武侠,60
妹控,59
|映,59
新世纪OVA及剧场,59
广告,59
林原惠,58
水岛努,58
|浦由记,58
林原めぐみ,58
オ`?エル?エム,58
机器人,58
杂,58
玄幻,58
四月番,57
关智一,57
正太,57
打斗,57
柿原匾,57
\田洋介,56
美食,56
同人,56
小野大o,56
MAPPA,56
踊工房,56
里番,56
萌豚,56
前野智昭,56
逆后宫,56
オリジナル,56
水u努,55
内山昂辉,55
Type-Moon,55
续期,55
冈本信彦,55
改编,55
水淠巍,55
佐}c音,55
岸诚二,55
新番记录,55
哆啦A梦,54
没看完,54
烂尾,54
TV（集数1-49）,54
电视,54
喵帕斯记录~,54
川井次,53
欧美动画,53
中井和哉,53
ufotable,53
村健一,53
巨乳,53
名探丧偿圣,53
柯南,53
マンガ原作,53
大河内一楼,52
田中公平,52
桑岛法子,52
待田堂子,52
节操,52
赛璐珞,52
网游,52
|浦由,51
TMS_Entertainment,51
名侦探柯南,51
ZEXCS,51
手游改,51
成长,50
ドラえもん,50
少女系,50
トムス?エンタテインメント,50
亲情,49
脑洞,49
泽野弘之,49
恐怖,49
日番,49
NTR,49
岸\二,49
爆笑,48
平野绫,48
藤子?F?不二雄,48
丰崎爱生,48
津田健次郎,48
m理{,48
非日本,48
精灵宝可梦,48
日笠阳子,48
运动番,47
龙之子,47
吉野裕行,47
田O里,47
狗粮,47
动,47
上海美术电影制片厂,46
军事,46
横山克,46
LOLI,46
已看,46
盘僮绸R,46
腐向,45
光之美少女,45
プリキュア,45
声优,45
ovaoad,45
Shin-EiAnimation,45
内田雄R,45
三森すずこ,45
岩崎琢,44
河森正治,44
花田十辉,44
花田十x,44
水いのり,44
鲁邦三世,44
竹达彩奈,44
富野由悠季,43
电波,43
高梨康治,43
冈田O里,43
霭妤ニメ,43
卖萌,43
非独立OVA、OAD、特番等,43
拟人,43
ONA,43
菅野洋子,42
人生,42
中二,42
汤浅政明,42
单元剧,42
水濑祈,42
奥斯卡,42
大沼心,42
川澄c子,42
宝可梦,42
小林裕介,42
神奇宝贝,42
サテライト,42
影,42
兄妹,42
佐藤顺一,41
|山奈央,41
v智一,41
下限,41
名V佳,41
井上喜久子,41
三木真一郎,41
山邦彦,41
网文改,41
赛博朋克,40
内山昂x,40
有生之年,40
智斗,40
坑,40
吉野弘幸,40
L部一,40
光碟动画,40
WITSTUDIO,39
谷佳正,39
社会,39
美漫,39
旧番,39
浪川大o,39
日笠子,39
变身,39
世纪初,39
日本动画电影,39
科普,38
花江夏树,38
neta,38
跛梢,38
魔幻,38
Q娃,38
OLMTEAMOTA,38
特典,38
本信彦,38
押井守,37
惊悚,37
讽刺,37
上美,37
少女漫,37
高桥李依,37
生活,37
傲娇,37
儿时回忆,37
ルパン三世,37
异态,37
SEVEN?ARCS,37
植田佳奈,37
N崎凵,37
宠物小精灵,37
口袋妖怪,37
垃圾,37
朴璐美,36
钉宫,36
梢昂胫,36
吉卜力,36
废萌,36
斋藤千和,36
]看全,36
棒球,36
种田梨沙,36
第三季,36
西方电影,36
SevenArcs,36
耽美系,36
中日合作,36
忍偾Ш,35
タツノコプロ,35
犯罪,35
小清水亚美,35
大地丙太郎,35
三重野瞳,35
六星,35
上江洲诚,35
绘梦,35
Studio五组,35
Studio五M,35
小林靖子,34
佐藤一,34
虚渊玄,34
宅,34
小林清志,34
露点,34
元永庆太郎,34
茅野垡,34
古内一成,34
日高里菜,34
梦工厂,34
铃木达央,34
二一八年,34
志茂文彦,33
庵野秀明,33
基情,33
村i,33
神前晓,33
和风,33
仓田英之,33
十月番,33
高蚶钜,33
元永c太郎,33
表番,33
漫改,33
崩坏,33
近藤隆,33
Summer_2021,33
平川大o,33
装逼,33
衍生,33
沙发套,32
岸本卓,32
OP,32
哆啦A,32
皮克斯,32
浅香守生,32
淳,32
龙珠,32
党争,32
东方,32
川口敬一郎,32
汤山邦彦,32
国人,32
SANZIGEN,32
石原立也,31
WHITEFOX,31
宫崎骏,31
坂本真c,31
海贼王,31
可能会看,31
折笠富美子,31
不打分,31
uD信L,31
スタジオディ`ン,31
怪盗,31
M?A?O,31
雨宫天,31
绿川光,31
妹,31
TNK,31
WIT_STUDIO,30
山口胜平,30
濑户麻沙美,30
温情,30
蜡笔小新,30
平静,30
今千秋,30
SILVERLINK,30
TelecomAnimationFilm,30
梅原裕一郎,30
未上映,30
多田俊介,30
伊藤加奈惠,30
立花慎之介,30
山口倨,30
木_央,30
小剧场,30
林原惠美,29
今石洋之,29
少年,29
谷口悟朗,29
友情,29
日野聪,29
上江洲\,29
定格动画,29
电影院看的,29
|方Project,29
サンジゲン,29
岩崎良明,29
番剧,29
菅野よう子,28
童年回忆,28
田中芳树,28
西游记,28
马越嘉彦,28
群像,28
浅沼晋太郎,28
林友树,28
暴力,28
大森贵弘,28
高木登,28
Studio4℃,28
加藤英美里,28
兽耳,28
手VPRODUCTION,28
保志t一朗,28
渡部高志,28
柿原子,28
可看可不看,28
战国,28
作画wiki推荐,28
游佐浩二,28
Seven,28
佐藤卓哉,27
未定档,27
菅野v悟,27
林ゆうき,27
宇宙,27
卡牌,27
}田英之,27
井上和彦,27
高桥留美子,27
家庭,27
现实世界,27
猫,27
US,27
保志总一朗,27
迪斯尼,27
枪战,27
七月番,27
ゆかな,27
东方project,27
ならはしみき,27
神魔,27
森久保祥太郎,27
神山健治,26
士郎正宗,26
政治,26
御姐,26
童年回,26
贞本义行,26
意识流,26
少年系,26
荒木哲郎,26
日本アニメ`ション,26
数码宝贝,26
水岛精二,26
会川升,26
日升,26
名冢佳织,26
季番M,26
短片集,26
外传,26
横谷昌宏,26
芝山努,26
伊藤かな{,26
七星,26
三次元,26
齐藤壮马,26
玄机科技,26
特别篇,26
TVA衍生,26
捆绑光碟动画,26
二一七年,26
高松信司,25
石川由依,25
m崎E,25
C槭骏ンダム,25
龙之子Production,25
五十岚卓哉,25
奈须蘑菇,25
法国,25
反乌托邦,25
大森F弘,25
P小新,25
,25
高桥良辅,25
腾讯,25
空战,25
orange,25
永井豪,25
颜艺,25
mv,25
江口拓也,25
寿美菜子,25
藤岛康介,25
动画未来,25
小仓唯,25
大山のぶ代,25
待下载,25
Webアニメ,25
大野木,25
柿原彻也,25
小野t章,25
公路片,24
新房,24
轮回,24
Manglobe,24
村濑步,24
ONEPIECE,24
民工,24
典,24
短片&OVA,24
神话,24
山内重保,24
重口,24
关俊彦,24
特摄,24
阿部之,24
灵异,24
日常系,24
望月智充,24
ゲ`ム原作,24
森田成一,24
全,24
一迅社,24
冈田磨里,24
青山刚昌,24
大久保美,24
喜欢,24
小野贤章,24
新井里美,24
东映animation,24
堀川りょう,24
栗田一,24
竹_彩奈,24
ZERO-G,24
三木w一郎,24
伪,24
童年的经典,23
スタジオジブリ,23
人性,23
渡xi,23
数码暴龙,23
雪野五月,23
暴力美学,23
温馨,23
末世,23
WHITE_FOX,23
高蛄驾o,23
童话,23
赛车,23
米谷良知,23
南方公园,23
MattStone,23
TreyParker,23
恩田尚之,23
岛崎信长,23
上世纪,23
樱井弘明,23
@井弘明,23
StudioGallop,23
生天目仁美,23
TV（集数50-99）,23
乐队,23
霸权,23
华视,23
魔女,23
青年动画制作者育成计划,23
小林ゆう,23
中国剧集,23
剧场版续作,23
山本泰一郎,23
渡边信一郎,22
山寺宏一,22
感人,22
大平晋也,22
\户洋司,22
原画,22
古浩司,22
阪口大助,22
水u精二,22
小林七郎,22
西村二,22
怀旧,22
高山カツヒコ,22
出m裕,22
川N,22
金春智子,22
SouthPark,22
小原好美,22
ラルケ,22
亚细亚堂,22
田中理惠,22
大原沙耶香,22
三国,22
MoNACA,22
山下大x,22
荒川稔久,22
美型,22
板垣伸,22
特定人群向,22
麻枝准,21
十川\志,21
西尾维新,21
阿部敦,21
佐藤大,21
坑爹,21
牧野由依,21
NHK,21
浦x_彦,21
日漫,21
出渊裕,21
型月,21
结城信辉,21
想补的旧番,21
冲方丁,21
小野友,21
Matt_Stone,21
大谷幸,21
大uミチル,21
富田美n,21
梅津泰臣,21
堂,21
茅原实里,21
正常,21
忘记剧情,21
补番计划,21
等音乐补全,21
成田良美,21
上坂すみれ,21
杀必死,21
高颔圣磨,21
d津和幸,21
NOMAD,21
推荐,21
川元利浩,20
古蛞缓,20
松尾衡,20
村井贞之,20
黄和哉,20
浅政明,20
热血系,20
TYOAnimations,20
TYO,20
アクタス,20
文艺,20
渡边步,20
鸟山明,20
动画剧集,20
渡x明夫,20
偶像大师,20
小清水美,20
SynergySP,20
小野咸障,20
ぎゃろっぷ,20
八星,20
Trey_Parker,20
\博,20
大野克夫,20
女仆,20
非日漫,20
日本动画电影考察,20
小山力也,20
上田奈,20
雨m天,20
\木淳弥,20
W-toonStudio,20
TVspecial,20
野g雅子,20
低于7,20
不建议观看,20
心理,19
银河英雄传说,19
武本康弘,19
中泽一登,19
虚Y玄,19
\跹笏,19
水桥香织,19
熊谷,19
社团,19
z郎,19
TRIGGER,19
未下载,19
超级英雄,19
米たにヨシトモ,19
鬼^明里,19
表外,19
僵尸,19
本渡,19
部,19
草川造,19
千明孝一,19
内田彩,19
|方,19
土屋理敬,19
ふでやすかずゆき,19
[佐浩二,19
漫才,19
アミノテツロ`,19
小野学,19
スタジオ雀,19
续集,19
超自然系,19
高垣彩阳,19
尾田荣一郎,19
ライデンフィルム,19
二一六年,19
中v,19
中国原作改编,19
腾讯视频,19
神棍,18
悲剧,18
石\N,18
太空歌剧,18
长井龙雪,18
L井雪,18
感动,18
赢,18
出崎统,18
出Dy,18
小林优,18
板野一郎,18
西尾大介,18
代永翼,18
森本晃司,18
五十棺吭,18
美产,18
羽原信x,18
羽原信义,18
井上真浞,18
表内,18
番组,18
藤田D,18
小原乃梨子,18
福A美里,18
小动物,18
石平信司,18
兄控,18
NARUTO,18
火影忍者,18
没看完系列,18
猪爪慎一,18
玄机,18
神保昌登,18
小山高生,18
攻C雨,17
攻壳机动队,17
伊藤和典,17
村井さだゆき,17
久石让,17
濑古浩司,17
可爱,17
小中千昭,17
山田隆司,17
山本宽,17
川尻善昭,17
神前,17
古川慎,17
TV完结,17
神展开,17
StudioComet,17
桑u法子,17
以前,17
平井久司,17
加藤_也,17
デジモン,17
外星人,17
人外,17
YL,17
真下耕一,17
讲谈社,17
锦织博,17
第四季,17
星辰大海,17
转生,17
太田雅彦,17
古怒田健志,17
二期,17
料理,17
山本希望,17
ドラゴンボ`ル,17
矢立肇,17
Q版,17
森井健史郎,17
川崎逸朗,17
高山みなみ,17
テレビアニメ,17
山口亮太,17
中川幸太郎,17
三森铃子,17
二一一年,17
暧昧,17
矢u晶子,17
剧场版＆动画电影,17
崩,17
龙珠系列,17
科幻系,17
Q和哉,16
古桥一浩,16
银魂,16
进击的巨人,16
艺术,16
教育片,16
环保,16
奈须きのこ,16
浜口史郎,16
佐藤聪美,16
川面真也,16
村川梨衣,16
西村纯二,16
日野,16
原{一,16
欧洲,16
欧米,16
奈きのこ,16
新海诚,16
新海\,16
Macross,16
超时空要塞,16
重制,16
能登,16
实验动画,16
黄濑和哉,16
渡边明夫,16
大野敏哉,16
独立短片,16
野中蓝,16
こだま兼嗣,16
山田由香,16
忍者,16
栗田贯一,16
雷,16
性转,16
足球,16
格斗,16
X,16
水,16
剧场版短片,16
大谷育江,16
国漫佳作,16
ロボットアニメ,16
浜名孝行,16
ミニ番M,16
不感兴趣,16
藤原启治,16
伊藤尚往,16
森井ケンシロウ,16
B海浩o,16
待上映,16
v川光,16
OVA&OAD&SP,16
三话弃,16
セブン,16
懒得看,16
R12,16
中日,16
神配乐,15
渡x信一郎,15
篮球,15
细田守,15
光宗信吉,15
海贼,15
文化,15
平池芳正,15
物语系列,15
グル`プ?タック,15
井上俊之,15
补番-1,15
原惠一,15
山川吉,15
青木英,15
大岛满,15
西尾S新,15
今井麻美,15
清新,15
黑帮,15
宇宙战舰大和号,15
TAF,15
米村正二,15
N田梨沙,15
小泽亚李,15
童梦,15
田中理{,15
空气系,15
山口宏,15
小学,15
西方剧集,15
Warner.Bros.Animation,15
茅原g里,15
エイトビット,15
圣斗士,15
SHIN-EI动画,15
星山博之,15
虐,15
韩国,15
置R太郎,15
哥特,15
平川大辅,15
博史池,15
美少女战士,15
三石琴乃,15
粉丝向,15
央视,15
游戏宣传片,15
SIGNAL.MD,15
Signal-MD,15
五星,15
补番-3,15
根元r三,15
STUDIOPUYUKAI,15
二一九年,15
熊本浩武,15
鹤卷和哉,14
Nitro+,14
中uかずき,14
回忆,14
美树本晴彦,14
反战,14
山田尚子,14
种崎敦美,14
排球,14
安彦良和,14
笠井贤一,14
鹭巢诗郎,14
几原邦彦,14
四格,14
熊谷纯,14
鲁鲁修,14
秋田谷典昭,14
上村v翔,14
田村睦心,14
山川吉树,14
あおきえい,14
高x勋,14
高x,14
池田秀一,14
小池健,14
robot,14
佐藤龙雄,14
福圆美里,14
中国元素,14
米国,14
情怀,14
Telecom,14
游戏王,14
[☆铩钔,14
中村能子,14
屎尿屁,14
蒸汽朋克,14
ア`ムス,14
考古,14
川崎ヒロユキ,14
PV,14
太空,14
时代剧,14
一周目结束,14
花守ゆみり,14
小}唯,14
老番,14
アスリ`ド,14
|方M-1,14
沌x,14
Yellow-Zebr,14
山田F正,14
子供,14
L崎健司,14
黄段子,14
一日完结,14
大雄,14
漫画衍生,14
绘梦动画,14
小李,14
椎名豪,14
寺u拓V,14
志水淳,14
白石晴香,14
辱华,14
妖精的尾巴,14
国产WEB,14
清水爱,14
二一二年,14
名和宗t,14
种田,14
本_みつる,14
vuwm,14
大空直美,14
二一三年,14
变态,14
藤原治,14
谔锕庖,14
腾讯动漫,14
millepensee,14
ミルパンセ,14
ティ`?エヌ?ケ`,14
男后宫,14
魔改,14
山下大辉,14
大西沙,14
j破I,14
旭production,14
キティ?フィルム,13
银他妈,13
今敏,13
本田雄,13
高山文彦,13
排球少年,13
UC,13
及川,13
前田真宏,13
小x健,13
东京movie,13
小岛正幸,13
吉森信,13
水手服,13
吉浦康裕,13
吉成曜,13
服部隆之,13
隅g克之,13
三瓶由布子,13
小林沙苗,13
无下限,13
佐藤o雄,13
菅正太郎,13
欧洲动画,13
小野友树,13
水颏おり,13
秀逗魔导士,13
久米田康治,13
数码兽,13
洲崎绫,13
治K系,13
都B真o,13
村濑修功,13
むとうやすゆき,13
野中{,13
静野孔文,13
新谷良子,13
后藤邑子,13
RWBY,13
RoosterTeeth,13
浅野真澄,13
StudioColorido,13
安野希世乃,13
西崎义展,13
大西沙织,13
怪谈,13
高蛄裘雷,13
工口,13
西明日香,13
Studio3Hz,13
小杉,13
VCB,13
らんてぃ,13
深真,13
圣斗士星矢,13
日{のり子,13
外崎春雄,13
喜爱,13
上田丽奈,13
白组,13
田中美海,13
荒牧伸志,13
央视动画,13
小学生,13
タカヒロ,13
古风,13
井上敏,13
屎片,13
ギャザリング,13
恶魔,13
万球,13
Theater,13
ダブトゥ`ンスタジオ,13
女神异闻录,13
纳谷悟朗,13
秦时明月,13
山本秀世,13
芦名みのる,13
肉片,13
未保存,13
优先级c,13
木信吾,13
田俊郎,12
环保系,12
カサヰケンイチ,12
自邦彦,12
空之境界,12
空の境界,12
同人动画,12
物语,12
丧尸,12
推理系,12
NipponAnimation,12
美浔厩缪,12
绿川幸,12
社会问题,12
山本裕介,12
大友克洋,12
村天,12
冈村天斋,12
蘑菇,12
大V明夫,12
黑历史,12
萌王,12
ロボット,12
手冢治虫,12
非日本赢影,12
Telecom_Animation_Film,12
高桥龙也,12
Telly-Show,12
童,12
钢之魂,12
桂正和,12
福田己津央,12
TROYCA,12
Rooster_Teeth,12
川越淳,12
重置,12
あおしまたかし,12
作品库,12
李豪凌,12
车田正美,12
衍生剧场版,12
手V治虫,12
,12
c奈ゆにこ,12
大野木宽,12
杉山纪彰,12
富田v弘,12
平行世界,12
黑丝,12
朱夏,12
网络小说改,12
工藤M,12
玩梗,12
下山健人,12
松本梨香,12
火影,12
St.Signpost,12
配音版,12
乳袋,12
童年补完计划,12
虐狗,12
まんきゅう,12
Ordet,12
山本,12
天冲,12
天n,12
趼樯趁,12
白石鲎,12
TV（集数≥100）,12
加跤夫,12
传说系列,12
赤根和树,12
赤根和,12
伊藤美来,12
川原砾,12
年代久远无印象派,12
加藤达也,12
Studio-DEEN,12
佐伯昭志,12
吉たかを,12
羽多野h,12
加隈衣,12
南条爱乃,12
{螨也,12
有妖气,12
爽片,12
可以一试,12
山下\一郎,12
岸尾大辅,12
优先级X,12
白根秀,12
音乐改,12
梦想,11
荒川弘,11
y魂,11
长滨博史,11
中二病,11
武士,11
褐,11
两仪式,11
最萌,11
小俣真一,11
田中仁,11
荒木飞吕彦,11
荒木w窝,11
藤田阳一,11
梁邦彦,11
古代,11
日本动画公司,11
立川让,11
板村智幸,11
今西隆志,11
废土,11
公路,11
装甲骑兵,11
大河原邦男,11
超展开,11
出崎y,11
彩虹小马,11
神ED,11
完结,11
伊藤智彦,11
安藤真裕,11
神户守,11
SLAYERS,11
无口,11
滨崎博嗣,11
LoveLive,11
LoveLive!,11
きらら,11
金DF臣,11
本渡枫,11
c谷直x,11
续篇,11
北美,11
坂井久太,11
电视上看的,11
山田康雄,11
暗黑,11
技,11
京O尚彦,11
远古,11
橘麻美,11
头文字D,11
一月番,11
森|真琴,11
芹,11
米田和弘,11
千本木彩花,11
侦探,11
y河英雄徽h,11
大坪由佳,11
光之美少女剧场版,11
神谷明,11
金崎贵臣,11
魔法禁书目录,11
中村春菊,11
强袭魔女,11
架空,11
仙侠,11
修仙,11
T星すみれ,11
三渲二,11
S原俊哉,11
杉井ギサブロ`,11
极致人设,11
NAZ,11
一般向,11
死神,11
B山明,11
田村由加莉,11
侦探歌剧,11
川上とも子,11
W-Toon_Studio,11
井壮一,11
增井壮一,11
鸟海浩辅,11
u修,11
刀剑神域,11
安藤裕章,11
捏他,11
中西伸彰,11
もりたけし,11
前川淳,11
安元洋F,11
打Y,11
暴雪,11
守望先锋,11
小林智,11
置鲇龙太郎,11
上坂堇,11
山崎理,11
むらた雅彦,11
松来未v,11
原赢,11
绅士,11
超短篇,11
梦太Company,11
屁股,11
欧美电影,11
高本宣弘,11
若本规夫,11
赤松健,11
神田朱未,11
ゼロジ`,11
日本电影,11
木村,11
堀江瞬,11
高森奈津美,11
妖精尾巴,11
崩坏3,11
狐妖小红娘,11
工藤昌史,11
无聊,11
一话弃,11
基番,11
网络动画,11
二一四年,11
二一五年,11
橘秀,11
スタジオぷYUKAI,11
宗教,10
冲浦启之,10
水墨,10
西久保瑞[,10
摩砂雪,10
山贺博之,10
牛尾o,10
体育番,10
n浃Δ,10
久石j,10
田中敦子,10
集英社,10
m本幸裕,10
宫本幸裕,10
富坚义博,10
山守,10
本x行,10
,10
津田尚克,10
小u正幸,10
藤田一,10
近藤光,10
京アニ,10
石浜真史,10
群像剧,10
夏目友人帐,10
矶光雄,10
中岛一基,10
野球,10
龙骑士07,10
独,10
妄想,10
水上清Y,10
吉田健一,10
石黑升,10
续作&衍生作,10
田守,10
真实系,10
饭田马之介,10
s?Base,10
大小姐,10
MLP,10
第二期,10
片渊须直,10
佐藤雄三,10
高屋敷英夫,10
Marvel,10
岸田隆宏,10
神跏,10
LoveLive！,10
福u宏之,10
濑下宽之,10
魔法少女奈叶,10
魔炮,10
草川启造,10
よしもときんじ,10
Matt・Stone,10
Trey・Parker,10
动漫世界,10
田村,10
氪遒,10
台视,10
蝙蝠侠,10
野岛健儿,10
童年TvT,10
天然,10
森田繁,10
平野c,10
虮驹Ｖ,10
桥本裕之,10
便当,10
湿,10
中梢坏,10
}L士星矢,10
幻想万华镜,10
焊Ｉ裆,10
满福神社,10
田原正利,10
影院,10
所有人,10
村山功,10
|京ム`ビ`,10
小野坂昌也,10
儿时萌,10
追崎史敏,10
苇PRODUCTION,10
金珊槌,10
看过，印象不深,10
わたなべひろし,10
剧场同映,10
先驱,10
Musical,10
高柳滋仁,10
野u健,10
神奇,10
田中芳,10
M・A・O,10
偶像活动,10
@田英,10
棒球大联盟,10
藤原夏海,10
田中真弓,10
暂不二刷,10
高,10
卫星社,10
寺岛拓笃,10
搅基,10
岸g信明,10
儿童向,10
海法o光,10
题材风格不合,10
续,10
鬼灭之刃,10
菅原雪},10
Studio・Pierrot,10
世界系,10
脱力,10
石上静香,10
童年向,10
手冢Production,10
少年向,10
古谷,10
桑原智,10
ＴＶアニメ,10
病娇,10
平野俊F,10
Lynn,10
川敏文,10
ND敦美,10
津田美波,10
山根公利,10
ゆめ太カンパニ`,10
待看,10
木村真一郎,10
SAO,10
樱花大战,10
迫井政行,10
原创动力,10
古田丈司,10
田俊,10
w垣一,10
网球少女,10
L,10
跃青空,10
W-toon,10
铃木洋平,10
木洋平,10
王昕,10
石原夏织,10
阿部记之,10
伊茉莉也,10
佐藤拓也,10
国产动画电影,10
菊地康仁,10
中国动画电影,10
信田ユウ,10
林直孝,10
芦名稔,10
门胁舞以,10
网球王子,10
练习,10
旭プロダクション,10
惨遭动画化,10
加隈亚衣,10
铃木信吾,10
柯学,10
优先级G,10
